,Datetime,Open,High,Low,Close,Volume
0,2024-08-09 19:30:00,199.9550,200.2000,199.8800,200.1700,45167
1,2024-08-09 19:00:00,199.9200,200.0000,199.9000,199.9550,19224
2,2024-08-09 18:30:00,199.9300,199.9600,199.9000,199.9200,13240
3,2024-08-09 18:00:00,199.9900,200.0200,199.8000,199.9100,31580
4,2024-08-09 17:30:00,200.0100,200.2700,199.9000,199.9900,331332
5,2024-08-09 17:00:00,199.9690,211.2320,187.7580,200.0300,48934
6,2024-08-09 16:30:00,199.9600,211.2320,186.0880,199.9700,199362
7,2024-08-09 16:00:00,200.0000,200.0700,199.9000,199.9700,3096195
8,2024-08-09 15:30:00,199.6100,200.1500,199.4000,200.0300,3791905
9,2024-08-09 15:00:00,199.6800,200.2000,199.1800,199.6300,2499311
10,2024-08-09 14:30:00,199.4500,200.4700,199.3400,199.6850,2842906
11,2024-08-09 14:00:00,199.5800,200.2300,199.1600,199.4900,2833631
12,2024-08-09 13:30:00,200.2230,200.8800,199.4600,199.5700,4099589
13,2024-08-09 13:00:00,197.9000,200.2400,197.7200,200.2370,3032110
14,2024-08-09 12:30:00,197.1330,198.1990,197.1100,197.9350,2164131
15,2024-08-09 12:00:00,196.7700,197.3900,196.3600,197.1500,2283156
16,2024-08-09 11:30:00,197.7400,198.1600,196.5000,196.7180,3271518
17,2024-08-09 11:00:00,197.2640,199.1800,197.2600,197.7400,4810735
18,2024-08-09 10:30:00,196.1100,197.6000,195.1100,197.2300,4888179
19,2024-08-09 10:00:00,197.2200,198.3710,195.5800,196.1000,7688425
20,2024-08-09 09:30:00,197.0500,200.0900,196.2300,197.2100,10270121
21,2024-08-09 09:00:00,197.4000,198.1850,193.5450,196.9500,258114
22,2024-08-09 08:30:00,198.1800,222.6200,196.6100,197.4380,283562
23,2024-08-09 08:00:00,200.3000,202.7580,197.8000,198.3100,320972
24,2024-08-09 07:30:00,199.6500,199.8500,198.0400,199.1500,166317
25,2024-08-09 07:00:00,200.6300,201.1000,199.5600,199.6500,133923
26,2024-08-09 06:30:00,201.2300,201.3400,200.5200,200.7200,28409
27,2024-08-09 06:00:00,201.3800,201.4200,200.5400,201.3000,38837
28,2024-08-09 05:30:00,201.8600,201.9200,200.6500,201.3500,93623
29,2024-08-09 05:00:00,202.2500,202.3400,201.6500,201.8300,39708
30,2024-08-09 04:30:00,201.6700,202.7800,201.6100,202.2500,144178
31,2024-08-09 04:00:00,199.8800,201.7500,199.1000,201.6800,109238
32,2024-08-08 19:30:00,200.5520,200.7900,200.3800,200.5750,70777
33,2024-08-08 19:00:00,199.9900,200.7700,199.9000,200.6000,84400
34,2024-08-08 18:30:00,199.8800,200.0000,199.5800,199.9500,44517
35,2024-08-08 18:00:00,199.5000,199.9000,199.3800,199.7000,54520
36,2024-08-08 17:30:00,199.6500,199.7330,198.8400,199.5000,360639
37,2024-08-08 17:00:00,200.0000,200.1600,198.8400,199.6100,179845
38,2024-08-08 16:30:00,199.8400,213.8090,191.7140,200.0300,162329
39,2024-08-08 16:00:00,199.0170,200.2000,198.1100,199.9200,6477153
40,2024-08-08 15:30:00,198.1400,199.4500,197.6400,199.0170,5335707
41,2024-08-08 15:00:00,198.9400,199.2100,197.9200,198.1300,3504491
42,2024-08-08 14:30:00,200.0500,200.1800,198.8900,198.9300,2746713
43,2024-08-08 14:00:00,199.4520,200.7000,199.0200,200.0370,3493448
44,2024-08-08 13:30:00,199.9500,199.9500,199.1300,199.4600,3117782
45,2024-08-08 13:00:00,197.9200,199.9500,197.2600,199.9300,3650016
46,2024-08-08 12:30:00,197.4800,198.0500,196.4700,197.9000,3010664
47,2024-08-08 12:00:00,197.7700,198.3500,196.9300,197.4340,3151303
48,2024-08-08 11:30:00,198.8100,199.0800,197.1570,197.7950,3133707
49,2024-08-08 11:00:00,199.4200,199.4590,197.4700,198.7600,4724031
50,2024-08-08 10:30:00,197.3900,199.4360,196.9500,199.4000,5932234
51,2024-08-08 10:00:00,194.2500,197.4500,193.5000,197.4000,6567506
52,2024-08-08 09:30:00,195.7000,196.2000,192.0400,194.2800,9888714
53,2024-08-08 09:00:00,193.4700,202.9900,191.8450,195.7700,425494
54,2024-08-08 08:30:00,190.9700,195.2300,190.9700,193.5000,844715
55,2024-08-08 08:00:00,191.7540,194.0000,189.6300,190.9700,183212
56,2024-08-08 07:30:00,190.9400,191.6500,190.6600,191.1100,67016
57,2024-08-08 07:00:00,190.4600,191.5000,189.6600,190.9400,106682
58,2024-08-08 06:30:00,190.4700,191.0000,190.0200,190.3900,38313
59,2024-08-08 06:00:00,190.5900,190.8500,189.7000,190.5600,64999
60,2024-08-08 05:30:00,192.0900,192.4000,190.1200,190.6000,105073
61,2024-08-08 05:00:00,192.5600,192.9700,191.8200,192.1200,65432
62,2024-08-08 04:30:00,191.4500,192.6200,191.4000,192.5600,57273
63,2024-08-08 04:00:00,192.3500,192.6000,190.7600,191.4000,134814
64,2024-08-07 19:30:00,189.6100,189.7200,188.5100,189.5600,151600
65,2024-08-07 19:00:00,190.9820,261.5080,184.4610,189.7200,109925
66,2024-08-07 18:30:00,191.2000,191.3000,190.2100,190.9400,88535
67,2024-08-07 18:00:00,190.5700,191.3500,190.1600,191.2700,110059
68,2024-08-07 17:30:00,189.5100,191.7600,189.3500,190.5700,124993
69,2024-08-07 17:00:00,189.8700,295.7970,180.4300,189.5300,448865
70,2024-08-07 16:30:00,190.5700,301.6380,180.4300,189.7500,481746
71,2024-08-07 16:00:00,191.6700,243.1700,190.1000,190.5900,7337427
72,2024-08-07 15:30:00,193.2800,193.8000,191.4800,191.6900,5538435
73,2024-08-07 15:00:00,192.3400,194.4500,192.2300,193.2950,3999527
74,2024-08-07 14:30:00,193.5800,193.6590,191.8600,192.3450,4501562
75,2024-08-07 14:00:00,194.2300,194.6800,192.1200,193.5800,4628525
76,2024-08-07 13:30:00,195.8500,196.8700,193.9100,194.3400,3859976
77,2024-08-07 13:00:00,197.6900,197.8750,195.2300,195.8600,3958371
78,2024-08-07 12:30:00,198.2100,198.5500,197.3100,197.7000,2658367
79,2024-08-07 12:00:00,197.7100,198.5600,196.1000,198.2100,2949708
80,2024-08-07 11:30:00,198.9100,199.5700,196.8100,197.6900,3527807
81,2024-08-07 11:00:00,198.6900,200.4500,198.5900,198.8900,4336171
82,2024-08-07 10:30:00,197.9800,199.3400,197.1710,198.6800,4888897
83,2024-08-07 10:00:00,199.2250,200.6600,197.5220,198.0500,7082379
84,2024-08-07 09:30:00,200.7700,203.4900,198.2400,199.2250,11375904
85,2024-08-07 09:00:00,201.1100,202.1850,193.9400,200.8300,233855
86,2024-08-07 08:30:00,200.8600,201.6700,200.5450,201.1300,215100
87,2024-08-07 08:00:00,198.2150,202.9850,197.9000,200.8500,300336
88,2024-08-07 07:30:00,201.8500,202.0400,200.7700,200.9100,119614
89,2024-08-07 07:00:00,202.6000,202.6800,201.6000,201.8300,188112
90,2024-08-07 06:30:00,202.5700,202.8800,202.2500,202.6100,78594
91,2024-08-07 06:00:00,202.1200,202.7400,201.7500,202.5700,65945
92,2024-08-07 05:30:00,202.6500,203.0000,201.9000,202.2000,100205
93,2024-08-07 05:00:00,202.4800,202.9000,201.5200,202.6400,131355
94,2024-08-07 04:30:00,201.3600,202.4800,200.9400,202.4000,83733
95,2024-08-07 04:00:00,198.8000,201.8000,197.4300,201.4400,184215
96,2024-08-06 19:30:00,197.0000,197.0100,195.0100,195.0650,253969
97,2024-08-06 19:00:00,197.8250,198.2000,197.0000,197.0100,63375
98,2024-08-06 18:30:00,198.5000,198.7900,197.0350,197.8300,54157
99,2024-08-06 18:00:00,197.0500,198.9300,196.9000,198.5000,94824
100,2024-08-06 17:30:00,197.6100,200.6400,196.4510,197.0000,111037
101,2024-08-06 17:00:00,198.7700,254.1550,171.7820,197.6500,140230
102,2024-08-06 16:30:00,200.0600,254.1550,178.5130,199.0500,271973
103,2024-08-06 16:00:00,200.3200,241.8400,182.3600,200.0000,6056655
104,2024-08-06 15:30:00,201.1500,201.8700,200.0000,200.3600,5554270
105,2024-08-06 15:00:00,201.5300,201.5500,199.5000,201.1350,4637797
106,2024-08-06 14:30:00,202.2200,202.9000,201.5300,201.5300,2888719
107,2024-08-06 14:00:00,201.8800,202.4700,201.4000,202.2200,2728389
108,2024-08-06 13:30:00,201.5900,202.1200,200.8400,201.8650,2575164
109,2024-08-06 13:00:00,201.4600,202.1000,200.8000,201.5650,2763580
110,2024-08-06 12:30:00,200.3200,201.7800,199.3100,201.4550,3368505
111,2024-08-06 12:00:00,199.4400,201.2100,199.1000,200.2850,5807956
112,2024-08-06 11:30:00,195.1500,199.6200,195.1200,199.4300,4512838
113,2024-08-06 11:00:00,196.3600,197.8000,195.0600,195.1200,3949635
114,2024-08-06 10:30:00,196.1300,197.4900,194.8600,196.3940,6002577
115,2024-08-06 10:00:00,197.3950,198.8800,195.9700,196.0670,7345247
116,2024-08-06 09:30:00,200.7500,201.2300,192.6700,197.4050,14873043
117,2024-08-06 09:00:00,201.6250,202.6300,198.8800,200.7900,356820
118,2024-08-06 08:30:00,201.3500,201.7700,200.0700,201.5900,262076
119,2024-08-06 08:00:00,205.4280,207.6500,198.1240,201.2770,459575
120,2024-08-06 07:30:00,202.9300,203.6000,201.5000,201.9900,216033
121,2024-08-06 07:00:00,201.2900,202.9900,201.2100,202.9100,192441
122,2024-08-06 06:30:00,200.7900,201.8300,200.5100,201.4100,95516
123,2024-08-06 06:00:00,199.9100,200.8000,199.2000,200.5600,89732
124,2024-08-06 05:30:00,199.7700,200.2000,197.9700,199.9500,140270
125,2024-08-06 05:00:00,201.8500,201.8500,198.3300,199.8900,207968
126,2024-08-06 04:30:00,203.3800,203.6200,201.1200,201.8500,166691
127,2024-08-06 04:00:00,205.7000,207.5300,202.2200,203.4600,368156
128,2024-08-05 19:30:00,204.2500,205.5000,204.0100,205.2100,222967
129,2024-08-05 19:00:00,202.2500,204.4500,202.1600,204.1500,200717
130,2024-08-05 18:30:00,202.6100,202.6100,202.0300,202.2050,89532
131,2024-08-05 18:00:00,201.6200,202.7550,201.5000,202.5850,179881
132,2024-08-05 17:30:00,200.4100,208.7410,189.9480,201.6150,108706
133,2024-08-05 17:00:00,200.4900,208.7410,187.6740,200.4100,98990
134,2024-08-05 16:30:00,199.3900,200.6800,199.2300,200.4600,122932
135,2024-08-05 16:00:00,198.8700,202.0000,198.7900,199.4930,10090207
136,2024-08-05 15:30:00,198.2200,199.3100,197.0700,198.8700,5550289
137,2024-08-05 15:00:00,196.4400,198.3400,196.4300,198.2310,3715837
138,2024-08-05 14:30:00,198.7650,199.4600,196.0000,196.4300,4157283
139,2024-08-05 14:00:00,200.2600,200.3500,197.9300,198.8300,3730758
140,2024-08-05 13:30:00,199.9200,201.7300,184.7700,200.2100,2685399
141,2024-08-05 13:00:00,198.8600,200.8400,198.7500,199.8880,4050283
142,2024-08-05 12:30:00,202.7950,202.8200,198.7500,198.8700,3873703
143,2024-08-05 12:00:00,200.2300,202.9400,200.0000,202.7400,4156366
144,2024-08-05 11:30:00,201.3950,202.4700,199.6100,200.2500,5226678
145,2024-08-05 11:00:00,197.1300,203.8800,195.8100,201.4100,8069809
146,2024-08-05 10:30:00,194.8100,200.0000,194.7700,197.1400,7298447
147,2024-08-05 10:00:00,197.7500,201.6000,185.0100,194.7750,11592109
148,2024-08-05 09:30:00,185.2200,199.8000,182.0000,197.6520,20649121
149,2024-08-05 09:00:00,187.7600,214.8100,184.5300,185.0150,1234077
150,2024-08-05 08:30:00,187.0000,207.6700,184.5600,187.7500,1414116
151,2024-08-05 08:00:00,189.2100,199.6080,181.1400,186.9900,1816513
152,2024-08-05 07:30:00,189.4700,189.9600,188.0200,189.2200,629343
153,2024-08-05 07:00:00,192.8000,193.8000,189.3400,189.4700,831096
154,2024-08-05 06:30:00,192.6000,193.3500,191.3100,192.8100,279390
155,2024-08-05 06:00:00,193.4200,193.4200,192.0000,192.6000,171702
156,2024-08-05 05:30:00,193.1800,194.0000,191.0000,193.4100,336188
157,2024-08-05 05:00:00,193.4500,194.7000,191.9500,193.1800,390383
158,2024-08-05 04:30:00,197.6200,199.2300,193.0000,193.3600,397811
159,2024-08-05 04:00:00,196.8700,202.9800,189.5000,197.5500,682049
160,2024-08-02 19:30:00,207.6350,208.2600,207.6000,207.9980,107671
161,2024-08-02 19:00:00,207.4600,207.6600,207.3300,207.6350,41054
162,2024-08-02 18:30:00,207.5850,215.0000,207.4000,207.5000,164666
163,2024-08-02 18:00:00,207.7350,207.8800,207.5400,207.5700,697182
164,2024-08-02 17:30:00,207.4800,207.9000,207.4700,207.7100,45684
165,2024-08-02 17:00:00,207.3100,207.7700,193.6980,207.4980,85888
166,2024-08-02 16:30:00,207.6750,221.7600,193.0990,207.3000,639968
167,2024-08-02 16:00:00,207.6700,207.9000,207.0600,207.6220,8209156
168,2024-08-02 15:30:00,206.8500,209.4500,205.7800,207.6700,7199548
169,2024-08-02 15:00:00,206.7400,207.3110,205.8900,206.8600,3555309
170,2024-08-02 14:30:00,208.2900,208.9500,206.7500,206.7550,3017987
171,2024-08-02 14:00:00,206.8300,208.3600,206.2000,208.3200,3217448
172,2024-08-02 13:30:00,207.4900,208.0000,205.8000,206.8600,4133572
173,2024-08-02 13:00:00,208.4900,209.0140,207.5000,207.5130,3316827
174,2024-08-02 12:30:00,209.5600,210.3700,207.7800,208.4610,3826815
175,2024-08-02 12:00:00,210.1700,210.6000,208.0300,209.5800,4111147
176,2024-08-02 11:30:00,208.9700,211.9300,208.8100,210.1200,5925900
177,2024-08-02 11:00:00,209.3300,209.7900,207.2000,208.9400,7714422
178,2024-08-02 10:30:00,213.1800,214.5500,209.0000,209.3000,8306740
179,2024-08-02 10:00:00,214.0000,214.8000,210.4450,213.2300,7735092
180,2024-08-02 09:30:00,214.8800,216.1300,212.4400,213.9250,11191377
181,2024-08-02 09:00:00,211.0900,215.0000,210.3000,214.8200,613655
182,2024-08-02 08:30:00,215.4900,230.0050,210.0000,211.3200,1218341
183,2024-08-02 08:00:00,214.6000,221.8700,213.5000,215.5000,303692
184,2024-08-02 07:30:00,216.1100,216.2000,214.4100,214.9800,188249
185,2024-08-02 07:00:00,217.8700,218.0700,215.6800,216.2000,141364
186,2024-08-02 06:30:00,218.6200,218.8300,217.3500,217.8900,59363
187,2024-08-02 06:00:00,217.5900,218.7500,217.2200,218.5900,103051
188,2024-08-02 05:30:00,218.2100,218.7400,216.1800,217.6000,138090
189,2024-08-02 05:00:00,215.9700,221.9200,215.9500,218.2000,256247
190,2024-08-02 04:30:00,214.4000,215.9000,214.2400,215.9000,94020
191,2024-08-02 04:00:00,214.6300,215.9000,213.3700,214.4000,140772
192,2024-08-01 19:30:00,217.0000,217.3500,216.6700,217.1000,77452
193,2024-08-01 19:00:00,216.1000,217.0000,215.7800,217.0000,78005
194,2024-08-01 18:30:00,217.1000,217.1700,216.0200,216.1900,62214
195,2024-08-01 18:00:00,217.3000,217.5000,216.3000,217.1000,111080
196,2024-08-01 17:30:00,216.2000,217.4500,216.0000,217.3600,102066
197,2024-08-01 17:00:00,216.3700,217.2800,215.5500,216.1600,308100
198,2024-08-01 16:30:00,214.7900,216.8600,214.3300,216.4000,242295
199,2024-08-01 16:00:00,216.8600,223.8590,214.3000,214.8000,10183698
200,2024-08-01 15:30:00,216.4500,217.4900,215.5200,216.7500,7455317
201,2024-08-01 15:00:00,215.1400,216.8300,214.3330,216.4500,5721009
202,2024-08-01 14:30:00,217.5990,222.7200,214.9000,215.1600,6164879
203,2024-08-01 14:00:00,220.2450,220.5900,217.1400,217.6000,4653225
204,2024-08-01 13:30:00,219.8200,220.4660,217.6200,220.2460,5209928
205,2024-08-01 13:00:00,221.5600,221.8000,219.5200,219.7800,4097447
206,2024-08-01 12:30:00,222.2790,222.3800,220.9400,221.5700,3838598
207,2024-08-01 12:00:00,222.6140,223.9800,221.9700,222.2940,3627735
208,2024-08-01 11:30:00,224.9100,225.2600,222.3000,222.6210,4806047
209,2024-08-01 11:00:00,225.0100,225.4600,223.8200,224.9400,5098280
210,2024-08-01 10:30:00,226.7900,227.0900,224.6000,225.0100,6695662
211,2024-08-01 10:00:00,228.9300,231.8670,226.6340,226.7700,7962333
212,2024-08-01 09:30:00,227.6900,230.4000,226.4200,228.9320,10121835
213,2024-08-01 09:00:00,230.6500,230.8300,226.7900,227.5000,543588
214,2024-08-01 08:30:00,231.3600,232.8700,228.5800,230.6000,187221
215,2024-08-01 08:00:00,232.6900,233.5500,229.4880,231.2240,267124
216,2024-08-01 07:30:00,230.8400,230.9300,230.1700,230.4200,79106
217,2024-08-01 07:00:00,231.4900,231.6200,230.5600,230.8000,104589
218,2024-08-01 06:30:00,231.5400,231.6700,231.1600,231.4300,27819
219,2024-08-01 06:00:00,231.2500,231.6700,231.0100,231.5600,16992
220,2024-08-01 05:30:00,231.1000,231.9000,231.0100,231.2000,33495
221,2024-08-01 05:00:00,230.6400,231.6800,230.1000,231.0700,33083
222,2024-08-01 04:30:00,230.0800,231.3000,229.5000,230.6700,57384
223,2024-08-01 04:00:00,232.1500,233.7200,229.4000,230.0000,127739
224,2024-07-31 19:30:00,232.8400,232.8900,232.2500,232.6600,62490
225,2024-07-31 19:00:00,232.9300,233.0000,232.7200,232.8400,35458
226,2024-07-31 18:30:00,232.9400,233.0000,232.6800,232.9200,37227
227,2024-07-31 18:00:00,232.6000,233.3300,232.5500,232.9500,54347
228,2024-07-31 17:30:00,233.0100,233.0800,232.3200,232.6000,50888
229,2024-07-31 17:00:00,232.6000,233.1100,232.0700,233.0500,77545
230,2024-07-31 16:30:00,232.7600,245.9750,220.9910,232.7700,220231
231,2024-07-31 16:00:00,232.0700,233.5000,231.9500,232.7600,9023594
232,2024-07-31 15:30:00,231.2500,232.9900,230.8200,232.1000,5075092
233,2024-07-31 15:00:00,232.9730,233.4500,230.7200,231.2050,4031170
234,2024-07-31 14:30:00,231.2300,233.1900,230.5000,232.9550,3816128
235,2024-07-31 14:00:00,230.1800,231.4400,229.6500,231.1800,2256138
236,2024-07-31 13:30:00,231.0200,231.0200,229.2300,230.0410,3100521
237,2024-07-31 13:00:00,231.4500,232.2500,230.8200,231.0100,2053546
238,2024-07-31 12:30:00,231.5800,231.8100,230.9700,231.4300,1829103
239,2024-07-31 12:00:00,231.1170,231.9800,230.7000,231.6000,2167748
240,2024-07-31 11:30:00,231.7680,232.1700,230.8500,231.1150,2833739
241,2024-07-31 11:00:00,230.8250,232.1000,230.6400,231.7470,3593441
242,2024-07-31 10:30:00,230.5500,231.6440,230.3500,230.8250,4450507
243,2024-07-31 10:00:00,233.4950,234.6800,230.2200,230.5000,8834698
244,2024-07-31 09:30:00,227.9000,233.7800,226.7870,233.4700,15376937
245,2024-07-31 09:00:00,224.8200,228.1000,224.2200,227.9100,482037
246,2024-07-31 08:30:00,225.9500,249.3800,220.8450,224.8300,264642
247,2024-07-31 08:00:00,224.9400,227.4500,222.6200,226.0000,461546
248,2024-07-31 07:30:00,224.8200,225.7800,224.7200,225.4000,109507
249,2024-07-31 07:00:00,225.0900,225.5500,223.6100,224.8600,254587
250,2024-07-31 06:30:00,224.7500,225.2000,224.3700,225.1000,51916
251,2024-07-31 06:00:00,225.3500,225.5000,223.6000,224.7500,82860
252,2024-07-31 05:30:00,224.9900,225.4000,224.9900,225.3700,19239
253,2024-07-31 05:00:00,224.8600,225.3900,224.8000,225.0000,37987
254,2024-07-31 04:30:00,224.8900,225.2700,224.2700,225.0300,69726
255,2024-07-31 04:00:00,227.3700,227.3700,224.6400,224.8000,118006
256,2024-07-30 19:30:00,224.2000,225.0000,224.1500,224.9900,128927
257,2024-07-30 19:00:00,223.6500,224.2000,223.0200,224.1500,70659
258,2024-07-30 18:30:00,223.0900,223.8900,222.8900,223.6550,83071
259,2024-07-30 18:00:00,221.9000,223.1600,221.6500,223.0700,129148
260,2024-07-30 17:30:00,221.7650,222.6200,221.6500,221.9200,134478
261,2024-07-30 17:00:00,221.9000,318.2030,169.9780,221.7600,130854
262,2024-07-30 16:30:00,221.1100,310.9020,169.9780,221.8500,344538
263,2024-07-30 16:00:00,222.6200,260.0100,219.4000,221.0250,7834289
264,2024-07-30 15:30:00,221.2650,224.1700,220.0000,222.6800,8677148
265,2024-07-30 15:00:00,221.3200,221.8400,220.6800,221.2700,4362774
266,2024-07-30 14:30:00,222.6500,223.1400,221.0900,221.2850,3951534
267,2024-07-30 14:00:00,223.3900,223.8100,222.1600,222.6750,3773317
268,2024-07-30 13:30:00,223.2250,224.2500,222.6100,223.3900,5438140
269,2024-07-30 13:00:00,220.2200,223.2500,220.0100,223.2200,5389044
270,2024-07-30 12:30:00,221.9800,222.6800,220.1300,220.2010,5371549
271,2024-07-30 12:00:00,223.0900,223.7890,221.3000,221.9800,6849485
272,2024-07-30 11:30:00,226.6500,226.9600,223.0700,223.0700,8010715
273,2024-07-30 11:00:00,228.4100,228.5900,226.2400,226.7100,7098685
274,2024-07-30 10:30:00,231.1000,231.8900,228.0530,228.4130,8034806
275,2024-07-30 10:00:00,228.5700,231.4900,226.9000,231.0600,10489437
276,2024-07-30 09:30:00,232.2500,232.4100,227.6000,228.5050,14923754
277,2024-07-30 09:00:00,233.6300,234.1900,222.9800,232.0700,371763
278,2024-07-30 08:30:00,233.8000,234.4400,232.7500,233.5900,243074
279,2024-07-30 08:00:00,232.6500,235.9000,229.8390,233.7400,570890
280,2024-07-30 07:30:00,233.2500,235.0000,233.0100,234.1800,191716
281,2024-07-30 07:00:00,232.7600,233.9000,232.2300,233.2200,158521
282,2024-07-30 06:30:00,231.9000,232.7600,231.7800,232.7600,49630
283,2024-07-30 06:00:00,232.2600,233.1700,231.0000,231.9800,135711
284,2024-07-30 05:30:00,233.1400,234.2000,229.8300,232.2600,245445
285,2024-07-30 05:00:00,235.4700,235.9900,233.0000,233.0000,140854
286,2024-07-30 04:30:00,234.8500,235.7900,234.8500,235.4500,105906
287,2024-07-30 04:00:00,234.2000,235.0400,233.5200,234.8200,184395
288,2024-07-29 19:30:00,232.6450,232.8000,232.2000,232.3400,113095
289,2024-07-29 19:00:00,233.1400,233.3000,232.6000,232.6000,90471
290,2024-07-29 18:30:00,232.9000,233.1600,232.1000,233.1500,102565
291,2024-07-29 18:00:00,232.5500,233.2400,232.1250,232.8100,103229
292,2024-07-29 17:30:00,232.5600,232.7300,232.1000,232.6200,79896
293,2024-07-29 17:00:00,232.4300,248.9540,216.5950,232.5500,81194
294,2024-07-29 16:30:00,232.3500,232.7100,221.1900,232.4250,188558
295,2024-07-29 16:00:00,232.1300,232.6900,232.1000,232.3400,8225894
296,2024-07-29 15:30:00,230.4900,232.6900,230.3100,232.1250,7881942
297,2024-07-29 15:00:00,231.6910,231.8400,229.2100,230.5000,5901028
298,2024-07-29 14:30:00,231.3600,231.8800,230.8100,231.6900,4558253
299,2024-07-29 14:00:00,232.3800,232.6800,231.1700,231.3800,5021998
300,2024-07-29 13:30:00,231.1500,232.9600,230.8000,232.3410,6253315
301,2024-07-29 13:00:00,232.9000,234.0000,231.1400,231.1750,8976108
302,2024-07-29 12:30:00,230.9450,232.9900,230.8500,232.8880,6991187
303,2024-07-29 12:00:00,230.0180,231.3700,229.4600,230.9440,6846192
304,2024-07-29 11:30:00,229.3100,230.4300,227.0900,229.9900,9378417
305,2024-07-29 11:00:00,231.1880,231.5300,228.1900,229.3230,12382869
306,2024-07-29 10:30:00,232.4730,234.2700,231.1600,231.2100,13093900
307,2024-07-29 10:00:00,230.8750,233.2100,230.5100,232.4900,15664704
308,2024-07-29 09:30:00,224.9000,231.0800,224.7000,230.8880,18743457
309,2024-07-29 09:00:00,223.3600,225.0000,222.9100,224.9100,464963
310,2024-07-29 08:30:00,223.8100,224.2500,216.0600,223.3300,267283
311,2024-07-29 08:00:00,221.0180,224.3000,219.2510,223.8600,510144
312,2024-07-29 07:30:00,223.4000,223.9800,223.2200,223.7000,140031
313,2024-07-29 07:00:00,223.3900,223.5800,222.3100,223.4300,151175
314,2024-07-29 06:30:00,223.9100,223.9500,223.3000,223.5100,60539
315,2024-07-29 06:00:00,221.3800,224.2200,221.3000,223.9900,236475
316,2024-07-29 05:30:00,221.5300,221.6500,221.2800,221.3800,19412
317,2024-07-29 05:00:00,221.3600,221.8500,221.3000,221.5200,24277
318,2024-07-29 04:30:00,221.8700,222.1400,221.0000,221.4400,40780
319,2024-07-29 04:00:00,221.2700,222.5000,220.1500,221.8600,86630
320,2024-07-26 19:30:00,220.0500,220.7700,220.0000,220.6500,56580
321,2024-07-26 19:00:00,220.0900,220.3100,220.0000,220.0700,28720
322,2024-07-26 18:30:00,220.0500,220.1500,219.8900,220.0600,20134
323,2024-07-26 18:00:00,219.9500,220.1800,219.8700,220.1000,39159
324,2024-07-26 17:30:00,219.9100,220.0000,219.8000,219.9200,36823
325,2024-07-26 17:00:00,220.0000,220.0500,219.8000,219.9250,51275
326,2024-07-26 16:30:00,220.0000,225.3790,210.3140,219.9500,296008
327,2024-07-26 16:00:00,219.9600,220.2900,219.7100,220.0000,6372671
328,2024-07-26 15:30:00,220.3100,220.4960,219.1200,219.9600,5845312
329,2024-07-26 15:00:00,219.4600,220.3880,218.9200,220.2500,4419058
330,2024-07-26 14:30:00,220.4900,220.6800,219.0500,219.4800,4569037
331,2024-07-26 14:00:00,220.8400,221.6500,220.3600,220.4650,4267735
332,2024-07-26 13:30:00,221.8920,222.1860,219.4200,220.8400,6696560
333,2024-07-26 13:00:00,220.9500,222.1300,220.6800,221.9050,5260215
334,2024-07-26 12:30:00,219.6700,221.2700,219.6700,220.9610,5144384
335,2024-07-26 12:00:00,218.9000,220.6000,218.8340,219.6400,6136687
336,2024-07-26 11:30:00,216.4900,219.0500,216.4900,218.9000,5082345
337,2024-07-26 11:00:00,216.7400,217.1280,215.7580,216.5170,4953087
338,2024-07-26 10:30:00,216.7000,217.6900,215.3300,216.8400,7815598
339,2024-07-26 10:00:00,220.1700,220.8300,215.7300,216.7400,11422200
340,2024-07-26 09:30:00,221.1900,222.2800,216.7700,220.1600,16019290
341,2024-07-26 09:00:00,223.2400,239.1600,216.5700,221.2100,464535
342,2024-07-26 08:30:00,225.0000,225.4600,220.2500,223.2700,500713
343,2024-07-26 08:00:00,222.7110,225.6500,220.2500,225.0000,534972
344,2024-07-26 07:30:00,223.9400,224.9000,223.9400,224.6100,122925
345,2024-07-26 07:00:00,224.0500,224.5700,223.4200,223.9200,154943
346,2024-07-26 06:30:00,224.3500,224.7900,223.9800,224.0500,40536
347,2024-07-26 06:00:00,224.1400,224.8600,223.7100,224.3500,72853
348,2024-07-26 05:30:00,224.8000,224.9800,224.0600,224.1500,68483
349,2024-07-26 05:00:00,225.6100,225.6100,224.5000,224.8100,89949
350,2024-07-26 04:30:00,224.8200,225.6500,224.2200,225.6000,108682
351,2024-07-26 04:00:00,222.7800,225.0400,222.5000,224.8000,194509
352,2024-07-25 19:30:00,219.9000,220.4700,219.8000,220.4520,54117
353,2024-07-25 19:00:00,219.8600,220.0000,219.2600,219.8500,49691
354,2024-07-25 18:30:00,220.7300,220.8900,219.8100,219.8550,83397
355,2024-07-25 18:00:00,219.6900,220.9400,219.6000,220.7400,114366
356,2024-07-25 17:30:00,219.5350,220.8000,219.4300,219.6900,59072
357,2024-07-25 17:00:00,219.0300,226.8010,218.7700,219.5350,81578
358,2024-07-25 16:30:00,218.7900,232.8030,206.2980,219.0800,208567
359,2024-07-25 16:00:00,220.2500,224.5500,218.2600,218.7600,7215936
360,2024-07-25 15:30:00,224.2300,224.8100,220.1700,220.2500,7545729
361,2024-07-25 15:00:00,223.1200,224.5800,222.3100,224.2300,4355918
362,2024-07-25 14:30:00,224.8300,225.4700,222.6800,223.0510,3934480
363,2024-07-25 14:00:00,225.2900,225.7800,224.2900,224.8500,3333096
364,2024-07-25 13:30:00,223.7700,225.8200,223.4000,225.2300,3731217
365,2024-07-25 13:00:00,224.9900,225.8700,223.3540,223.8000,4083626
366,2024-07-25 12:30:00,223.5800,226.0000,219.9400,225.0000,5377857
367,2024-07-25 12:00:00,222.9500,224.2300,219.8900,223.5800,4138790
368,2024-07-25 11:30:00,222.6900,223.6400,221.5000,222.9750,4692827
369,2024-07-25 11:00:00,223.9300,224.1000,221.6600,222.6000,5797304
370,2024-07-25 10:30:00,224.3600,224.9900,222.4000,223.9400,9162606
371,2024-07-25 10:00:00,219.7450,224.4100,217.2200,224.3600,13938121
372,2024-07-25 09:30:00,216.8000,223.4400,216.2310,219.7090,21157317
373,2024-07-25 09:00:00,217.5300,264.2200,216.1250,216.8300,829111
374,2024-07-25 08:30:00,212.8800,225.7900,212.6000,217.5400,1118883
375,2024-07-25 08:00:00,213.3600,215.9900,210.2460,212.7500,649131
376,2024-07-25 07:30:00,213.3800,213.9400,212.6100,212.7000,181231
377,2024-07-25 07:00:00,212.9000,214.5900,212.7000,213.4400,299161
378,2024-07-25 06:30:00,212.3000,213.1300,212.2000,212.9000,85223
379,2024-07-25 06:00:00,211.7600,212.8500,211.4800,212.3000,129393
380,2024-07-25 05:30:00,212.5600,212.8800,211.5000,211.7300,95606
381,2024-07-25 05:00:00,213.2400,213.4400,211.8900,212.5400,124661
382,2024-07-25 04:30:00,211.7400,213.6000,211.2300,213.2000,371660
383,2024-07-25 04:00:00,214.9000,215.9800,210.2000,211.6200,557317
384,2024-07-24 19:30:00,215.4000,216.3700,214.8000,216.3580,207761
385,2024-07-24 19:00:00,216.2800,216.3600,215.1200,215.2300,165665
386,2024-07-24 18:30:00,215.3000,216.7400,215.3000,216.2600,211172
387,2024-07-24 18:00:00,214.0100,215.9700,213.9500,215.4000,300259
388,2024-07-24 17:30:00,214.2600,214.4400,214.0000,214.0000,233591
389,2024-07-24 17:00:00,215.1800,387.9440,180.4300,214.2550,523746
390,2024-07-24 16:30:00,215.9200,365.2680,180.4300,215.1500,404845
391,2024-07-24 16:00:00,215.9400,251.5100,215.0000,215.9200,16660840
392,2024-07-24 15:30:00,217.7900,222.8370,215.4800,215.5000,12493724
393,2024-07-24 15:00:00,219.6700,219.8300,217.7700,217.7900,6042621
394,2024-07-24 14:30:00,219.8800,221.2500,218.8700,219.7040,4936314
395,2024-07-24 14:00:00,219.3500,220.2600,218.3000,219.8850,5990811
396,2024-07-24 13:30:00,220.7800,221.6000,219.1600,219.3500,5367304
397,2024-07-24 13:00:00,220.5100,221.7500,219.7200,220.7700,6858781
398,2024-07-24 12:30:00,221.2700,221.9000,220.1600,220.5390,6557950
399,2024-07-24 12:00:00,220.5410,222.6400,220.2000,221.2610,10067742
400,2024-07-24 11:30:00,218.0350,221.2800,218.0100,220.5500,12046492
401,2024-07-24 11:00:00,217.4600,218.4600,216.8000,218.0140,10469775
402,2024-07-24 10:30:00,217.0600,218.5900,215.6000,217.4600,13123053
403,2024-07-24 10:00:00,215.8900,219.0900,214.7100,217.0640,19559840
404,2024-07-24 09:30:00,225.4200,225.9900,215.3000,215.8900,35718299
405,2024-07-24 09:00:00,225.6800,227.3800,225.1000,225.2200,1248131
406,2024-07-24 08:30:00,225.0800,255.7500,224.0700,225.6300,1043882
407,2024-07-24 08:00:00,246.3800,248.7000,224.4030,225.1000,1634321
408,2024-07-24 07:30:00,225.3100,227.0200,224.8500,225.8700,372205
409,2024-07-24 07:00:00,226.6200,227.0000,224.4100,225.3200,691353
410,2024-07-24 06:30:00,227.6300,227.6900,226.3000,226.5700,125028
411,2024-07-24 06:00:00,227.0800,227.8000,226.3600,227.6900,173615
412,2024-07-24 05:30:00,227.9900,228.5200,226.9100,227.0900,221044
413,2024-07-24 05:00:00,229.5200,230.3100,227.6400,227.9900,332114
414,2024-07-24 04:30:00,227.5800,229.6000,227.5100,229.5200,275393
415,2024-07-24 04:00:00,226.1000,228.9800,225.3000,227.6400,489671
416,2024-07-23 19:30:00,227.1100,227.5000,226.4000,227.2500,764550
417,2024-07-23 19:00:00,225.9500,227.4000,225.0000,227.1750,1237891
418,2024-07-23 18:30:00,229.4000,230.2000,225.3200,225.9500,1721246
419,2024-07-23 18:00:00,230.0300,231.3100,228.8400,229.4300,1433953
420,2024-07-23 17:30:00,236.4700,246.3800,227.9600,230.1800,3822332
421,2024-07-23 17:00:00,238.2700,238.4500,234.5000,236.4400,2232094
422,2024-07-23 16:30:00,241.3600,254.1550,171.7820,238.1530,2671468
423,2024-07-23 16:00:00,246.3800,246.6100,175.0000,241.3110,11189450
424,2024-07-23 15:30:00,249.3450,249.4140,246.3200,246.3500,8383689
425,2024-07-23 15:00:00,248.1040,249.4500,247.7800,249.3700,4618162
426,2024-07-23 14:30:00,247.3500,248.7000,247.0800,248.0800,3287398
427,2024-07-23 14:00:00,247.6900,248.4900,247.0500,247.2700,3750218
428,2024-07-23 13:30:00,247.4000,247.8900,246.9300,247.6920,3321006
429,2024-07-23 13:00:00,246.6500,247.9300,246.2600,247.4230,4562831
430,2024-07-23 12:30:00,247.0100,247.8400,246.0200,246.7000,4515514
431,2024-07-23 12:00:00,248.9350,249.3000,246.5000,247.0150,5253058
432,2024-07-23 11:30:00,249.0500,249.9200,248.1000,248.9450,5334272
433,2024-07-23 11:00:00,247.3100,249.6600,247.1000,249.0800,6151119
434,2024-07-23 10:30:00,249.0200,249.4900,245.6300,247.2850,9007733
435,2024-07-23 10:00:00,249.5700,249.9300,247.7000,248.9830,9616794
436,2024-07-23 09:30:00,253.6000,255.7590,248.5700,249.4020,18315152
437,2024-07-23 09:00:00,254.0990,254.8000,244.4800,253.4700,385830
438,2024-07-23 08:30:00,254.6050,254.8900,253.4100,254.0600,374538
439,2024-07-23 08:00:00,251.5100,255.5500,248.2900,254.7800,768581
440,2024-07-23 07:30:00,254.9200,255.5500,254.4400,255.5000,208393
441,2024-07-23 07:00:00,253.3400,255.2900,253.0000,254.9700,338458
442,2024-07-23 06:30:00,253.7000,253.8900,253.2000,253.4100,71668
443,2024-07-23 06:00:00,253.3500,253.9000,253.0500,253.6800,51971
444,2024-07-23 05:30:00,253.8700,253.9300,253.1100,253.4200,71837
445,2024-07-23 05:00:00,252.5000,254.0300,252.3900,253.8900,99351
446,2024-07-23 04:30:00,250.8800,253.1000,250.6700,252.5000,103336
447,2024-07-23 04:00:00,251.7500,252.9000,249.1900,250.9000,202391
448,2024-07-22 19:30:00,251.8600,252.0000,251.3900,251.6000,154494
449,2024-07-22 19:00:00,252.6440,252.7900,251.6600,251.7050,98360
450,2024-07-22 18:30:00,251.9200,252.8200,251.9000,252.6240,133858
451,2024-07-22 18:00:00,251.3400,251.9500,251.3000,251.9110,88276
452,2024-07-22 17:30:00,251.3300,251.4800,240.3000,251.3700,56429
453,2024-07-22 17:00:00,251.3130,262.9340,238.4540,251.3300,52240
454,2024-07-22 16:30:00,251.3100,251.6000,251.0400,251.3300,976784
455,2024-07-22 16:00:00,251.7500,251.9800,249.2850,251.3600,8437817
456,2024-07-22 15:30:00,251.9400,252.7900,251.2890,251.6900,7550781
457,2024-07-22 15:00:00,251.8600,252.0800,250.6700,251.9450,5564274
458,2024-07-22 14:30:00,251.4000,253.2100,250.9500,251.8410,5766729
459,2024-07-22 14:00:00,251.3800,252.4200,251.1000,251.3950,4430973
460,2024-07-22 13:30:00,250.9700,252.2300,250.6400,251.3500,5105631
461,2024-07-22 13:00:00,250.2300,251.2200,250.0010,250.9650,4459518
462,2024-07-22 12:30:00,249.3550,250.9500,249.0400,250.2050,5397928
463,2024-07-22 12:00:00,247.9500,249.6800,246.8950,249.3600,4585116
464,2024-07-22 11:30:00,246.3200,248.4000,246.1600,248.0100,6549706
465,2024-07-22 11:00:00,248.6400,249.7400,246.1900,246.3400,6160256
466,2024-07-22 10:30:00,246.4400,249.5000,246.0900,248.6790,6799978
467,2024-07-22 10:00:00,250.0000,251.1600,246.2600,246.3900,11433173
468,2024-07-22 09:30:00,244.2100,251.5700,243.7500,250.0400,19293934
469,2024-07-22 09:00:00,244.2100,244.2900,243.4100,244.2000,297108
470,2024-07-22 08:30:00,243.4500,251.6600,237.9300,244.2400,516919
471,2024-07-22 08:00:00,239.2000,243.5000,239.2000,243.4500,530419
472,2024-07-22 07:30:00,241.8900,242.6900,241.8100,242.1700,104444
473,2024-07-22 07:00:00,242.2400,242.5400,241.3700,241.8800,126656
474,2024-07-22 06:30:00,242.6000,242.7700,241.8800,242.2900,44049
475,2024-07-22 06:00:00,242.5600,242.8700,241.7500,242.5800,57646
476,2024-07-22 05:30:00,241.5000,242.7900,241.4800,242.5200,34153
477,2024-07-22 05:00:00,241.6000,241.9900,241.3400,241.5000,38577
478,2024-07-22 04:30:00,242.3000,242.6500,241.4000,241.4400,69486
479,2024-07-22 04:00:00,242.5100,243.0000,241.8300,242.3000,117605
480,2024-07-19 19:30:00,238.8610,249.0500,238.8610,240.0000,105715
481,2024-07-19 19:00:00,238.9900,239.1100,238.8500,238.9050,41936
482,2024-07-19 18:30:00,239.0000,247.9000,236.8200,239.0000,68688
483,2024-07-19 18:00:00,239.1500,239.2000,238.8500,238.8800,67770
484,2024-07-19 17:30:00,239.1050,239.4600,239.1000,239.1020,80646
485,2024-07-19 17:00:00,239.1900,245.8460,223.3830,239.2000,279089
486,2024-07-19 16:30:00,239.5480,240.3600,239.0530,239.2000,107205
487,2024-07-19 16:00:00,239.1500,239.8000,237.9900,239.5000,6308486
488,2024-07-19 15:30:00,240.5650,249.4400,238.4100,239.1900,5801140
489,2024-07-19 15:00:00,239.2900,241.2000,239.2700,240.5600,3557719
490,2024-07-19 14:30:00,239.1800,239.5980,238.3800,239.3200,3353492
491,2024-07-19 14:00:00,240.2600,240.4400,238.8000,239.1700,3267088
492,2024-07-19 13:30:00,239.2700,240.6200,238.5500,240.2700,4468409
493,2024-07-19 13:00:00,238.4900,239.3700,237.3600,239.2700,3712980
494,2024-07-19 12:30:00,238.9200,239.3350,236.8300,238.4900,5535388
495,2024-07-19 12:00:00,240.8500,241.3000,238.2800,238.9550,5537681
496,2024-07-19 11:30:00,240.2600,240.9900,238.8300,240.9700,7277331
497,2024-07-19 11:00:00,243.4500,244.3500,240.1200,240.2850,5981933
498,2024-07-19 10:30:00,241.7900,244.1700,240.4300,243.3850,8450704
499,2024-07-19 10:00:00,245.7600,245.7600,241.7000,241.7900,11084221
500,2024-07-19 09:30:00,247.7900,249.0100,244.3920,245.7800,13402451
501,2024-07-19 09:00:00,249.0500,254.6650,247.5700,247.8100,338773
502,2024-07-19 08:30:00,249.5000,250.1100,248.6100,249.0700,237779
503,2024-07-19 08:00:00,248.9400,250.3700,245.6050,249.4800,423425
504,2024-07-19 07:30:00,249.6100,249.9800,248.6700,248.8200,61146
505,2024-07-19 07:00:00,248.4900,250.4200,248.2500,249.6790,159912
506,2024-07-19 06:30:00,248.6200,248.8000,248.2000,248.4900,29724
507,2024-07-19 06:00:00,247.8500,248.8000,247.7500,248.5900,30044
508,2024-07-19 05:30:00,247.6900,248.5800,246.5700,247.8400,67293
509,2024-07-19 05:00:00,248.0900,248.5800,247.6200,247.6200,48110
510,2024-07-19 04:30:00,247.2900,248.9700,247.2000,248.0800,70444
511,2024-07-19 04:00:00,248.0100,249.6500,245.6000,247.3700,222326
512,2024-07-18 19:30:00,250.1000,250.3400,250.0000,250.0210,65054
513,2024-07-18 19:00:00,249.7310,250.1000,249.6400,250.0710,49851
514,2024-07-18 18:30:00,249.8600,250.1000,249.5000,249.7300,48569
515,2024-07-18 18:00:00,250.5000,250.5000,249.8020,249.8460,82890
516,2024-07-18 17:30:00,250.4510,250.5900,250.2500,250.4700,74071
517,2024-07-18 17:00:00,250.5100,250.5800,236.4150,250.4510,118393
518,2024-07-18 16:30:00,250.0100,250.7100,233.5900,250.5100,175675
519,2024-07-18 16:00:00,249.2700,252.4880,248.0520,249.8800,6515234
520,2024-07-18 15:30:00,248.5900,250.4800,247.7800,249.2800,7724806
521,2024-07-18 15:00:00,250.0260,250.7000,247.4400,248.6100,8358401
522,2024-07-18 14:30:00,250.7600,251.0800,249.0300,249.9900,6600520
523,2024-07-18 14:00:00,254.3500,254.5000,250.7400,250.7750,6746650
524,2024-07-18 13:30:00,255.9800,256.4300,254.2400,254.3500,3923282
525,2024-07-18 13:00:00,256.5400,257.1400,255.0900,255.9560,5518931
526,2024-07-18 12:30:00,253.8880,256.5790,253.7500,256.5790,6130709
527,2024-07-18 12:00:00,253.3800,254.9580,252.7300,253.9100,5771515
528,2024-07-18 11:30:00,253.5250,254.0750,251.6200,253.3650,6230044
529,2024-07-18 11:00:00,253.4270,255.6000,252.2700,253.5280,9160252
530,2024-07-18 10:30:00,254.4000,254.6500,250.3300,253.4500,9668594
531,2024-07-18 10:00:00,251.8550,255.6500,250.9900,254.3850,12860311
532,2024-07-18 09:30:00,251.0900,252.7500,247.2000,251.8600,14785548
533,2024-07-18 09:00:00,251.4100,251.7400,250.5000,251.2000,338011
534,2024-07-18 08:30:00,252.1800,256.6600,246.8000,251.4600,328841
535,2024-07-18 08:00:00,251.4000,253.7450,248.4600,252.1500,518043
536,2024-07-18 07:30:00,250.9400,251.5700,250.9400,251.4300,76558
537,2024-07-18 07:00:00,251.6000,251.8600,250.7000,251.0000,147344
538,2024-07-18 06:30:00,251.8500,251.9700,251.4800,251.6300,31580
539,2024-07-18 06:00:00,251.9800,252.1700,251.1200,251.7900,66893
540,2024-07-18 05:30:00,252.3100,253.0600,251.7600,251.9800,84206
541,2024-07-18 05:00:00,252.9800,253.7800,252.2200,252.3300,190756
542,2024-07-18 04:30:00,250.0600,253.6000,250.0000,253.0000,218711
543,2024-07-18 04:00:00,250.0000,251.0000,249.2900,250.0700,74268
544,2024-07-17 19:30:00,249.0330,249.4100,249.0150,249.3800,70206
545,2024-07-17 19:00:00,249.1600,249.2500,248.8700,249.1470,58745
546,2024-07-17 18:30:00,248.6800,249.2400,248.5150,249.1900,63247
547,2024-07-17 18:00:00,248.1800,248.8900,248.1300,248.7000,80041
548,2024-07-17 17:30:00,248.3600,248.4900,248.0500,248.1320,40607
549,2024-07-17 17:00:00,248.0540,256.0000,197.3760,248.2820,100219
550,2024-07-17 16:30:00,248.1300,398.0030,175.5010,248.1700,336501
551,2024-07-17 16:00:00,248.4900,255.2100,182.4300,248.1900,8633323
552,2024-07-17 15:30:00,248.8000,255.2700,246.3000,248.4900,7437531
553,2024-07-17 15:00:00,246.9800,249.2100,246.2500,248.8900,5978143
554,2024-07-17 14:30:00,248.0160,248.4620,246.1820,246.9530,5037640
555,2024-07-17 14:00:00,248.4550,249.1200,246.9100,248.0200,4924303
556,2024-07-17 13:30:00,249.9000,250.8000,248.3040,248.5300,5219805
557,2024-07-17 13:00:00,249.8400,250.0200,248.2000,249.9000,4399850
558,2024-07-17 12:30:00,247.7400,250.3500,247.6600,249.8200,7246007
559,2024-07-17 12:00:00,248.2700,248.6200,246.5500,247.7550,6373168
560,2024-07-17 11:30:00,249.9320,250.4000,246.7100,248.2800,9336883
561,2024-07-17 11:00:00,252.4200,252.6900,248.7010,249.9840,10384710
562,2024-07-17 10:30:00,251.0800,254.7400,250.6320,252.5000,8401585
563,2024-07-17 10:00:00,257.9100,258.1000,250.3400,251.0100,15090802
564,2024-07-17 09:30:00,252.7300,258.4700,252.0000,257.9450,17547066
565,2024-07-17 09:00:00,250.7500,256.5600,250.7000,252.9100,455259
566,2024-07-17 08:30:00,251.8620,257.0450,248.3300,250.7000,353181
567,2024-07-17 08:00:00,252.8000,256.4300,250.2200,251.8600,703653
568,2024-07-17 07:30:00,250.7100,251.4800,250.4000,251.3300,212419
569,2024-07-17 07:00:00,252.3100,252.8900,250.2000,250.7200,345113
570,2024-07-17 06:30:00,252.1200,252.7400,251.8100,252.3100,91829
571,2024-07-17 06:00:00,252.0800,252.2200,251.6800,252.1200,77988
572,2024-07-17 05:30:00,252.1000,252.6000,251.8200,252.0800,68646
573,2024-07-17 05:00:00,253.1700,253.2800,252.0200,252.0300,56084
574,2024-07-17 04:30:00,252.4700,253.5600,252.0500,253.1700,119645
575,2024-07-17 04:00:00,252.2700,253.9800,251.6600,252.4000,235546
576,2024-07-16 19:30:00,255.9730,256.1300,255.8500,256.0400,64772
577,2024-07-16 19:00:00,255.9530,256.2000,255.9100,255.9730,51199
578,2024-07-16 18:30:00,256.1000,256.2000,255.8130,255.9800,46718
579,2024-07-16 18:00:00,256.3030,256.3800,255.8000,256.0900,58558
580,2024-07-16 17:30:00,256.3400,256.6000,228.1230,256.3500,65585
581,2024-07-16 17:00:00,256.5230,256.6500,256.2000,256.3400,76287
582,2024-07-16 16:30:00,256.9410,318.2030,169.9780,256.5400,194471
583,2024-07-16 16:00:00,256.5000,257.2190,175.3500,256.9600,5323871
584,2024-07-16 15:30:00,255.9800,257.3780,255.6500,256.4300,8312969
585,2024-07-16 15:00:00,257.1900,257.2700,254.9500,255.9890,6675943
586,2024-07-16 14:30:00,256.4200,257.4800,255.9540,257.1700,6405182
587,2024-07-16 14:00:00,255.6610,257.0000,254.2600,256.4390,7735585
588,2024-07-16 13:30:00,254.5050,255.9000,254.2600,255.6400,6360620
589,2024-07-16 13:00:00,253.4000,255.1000,253.2800,254.5300,5911615
590,2024-07-16 12:30:00,250.7200,253.8800,249.9200,253.4300,6367234
591,2024-07-16 12:00:00,253.6800,254.0000,249.9000,250.7180,7761078
592,2024-07-16 11:30:00,251.9250,254.1500,250.7500,253.6500,7525338
593,2024-07-16 11:00:00,252.2400,253.1300,251.5700,251.8900,8158195
594,2024-07-16 10:30:00,247.7200,252.3700,247.4500,252.2400,10800149
595,2024-07-16 10:00:00,249.5600,249.9800,245.8000,247.6920,16065214
596,2024-07-16 09:30:00,255.3100,258.6200,248.8000,249.5050,22582999
597,2024-07-16 09:00:00,256.0100,256.0400,255.1500,255.3000,384028
598,2024-07-16 08:30:00,255.8900,263.5950,252.5050,256.0010,300050
599,2024-07-16 08:00:00,256.4800,257.5660,252.6400,255.8160,513882
600,2024-07-16 07:30:00,256.5000,256.6200,255.8500,256.3300,81777
601,2024-07-16 07:00:00,256.3200,256.9000,255.7100,256.5600,169395
602,2024-07-16 06:30:00,256.7800,256.9200,256.2100,256.3800,64039
603,2024-07-16 06:00:00,256.1100,256.9800,256.1100,256.7600,36302
604,2024-07-16 05:30:00,256.7500,256.8700,255.5900,256.1200,66256
605,2024-07-16 05:00:00,256.8800,257.3000,256.2600,256.7800,59398
606,2024-07-16 04:30:00,256.6000,257.2000,255.8300,256.9500,115044
607,2024-07-16 04:00:00,255.3500,257.5900,254.3300,256.5900,254269
608,2024-07-15 19:30:00,254.0300,254.8000,253.8840,254.8000,150816
609,2024-07-15 19:00:00,254.1200,254.2000,253.7500,254.0300,103108
610,2024-07-15 18:30:00,254.1300,254.3200,253.3510,254.1200,131268
611,2024-07-15 18:00:00,253.3400,254.3800,253.3000,254.1980,172734
612,2024-07-15 17:30:00,252.8100,254.0100,252.6400,253.3110,156426
613,2024-07-15 17:00:00,252.8600,252.9500,239.7930,252.8000,102152
614,2024-07-15 16:30:00,252.6500,253.0700,235.0980,252.8700,332546
615,2024-07-15 16:00:00,252.7000,253.6300,252.6400,252.6400,8891925
616,2024-07-15 15:30:00,255.6500,255.7900,251.7300,252.6700,14830502
617,2024-07-15 15:00:00,257.4700,258.2900,255.4000,255.6000,7242952
618,2024-07-15 14:30:00,259.4120,259.6900,256.6800,257.4800,6877673
619,2024-07-15 14:00:00,259.1150,260.1300,258.4800,259.4000,4850550
620,2024-07-15 13:30:00,260.5000,261.0980,258.5300,259.0800,5555538
621,2024-07-15 13:00:00,261.1150,261.5000,259.0600,260.5500,5833870
622,2024-07-15 12:30:00,259.9130,261.8700,259.5000,261.1300,7327873
623,2024-07-15 12:00:00,259.6700,260.7200,257.5000,259.8900,8625047
624,2024-07-15 11:30:00,261.9700,263.2200,258.6000,259.7230,9614461
625,2024-07-15 11:00:00,262.6000,264.1000,261.3600,261.9800,8517279
626,2024-07-15 10:30:00,264.1900,265.6000,255.0670,262.5900,12654415
627,2024-07-15 10:00:00,260.9300,264.9900,255.8180,264.2250,16361373
628,2024-07-15 09:30:00,255.9700,262.8500,252.8600,260.9250,26441672
629,2024-07-15 09:00:00,258.1130,258.3000,233.5800,256.0300,769005
630,2024-07-15 08:30:00,257.9700,258.7200,248.2300,258.2100,460714
631,2024-07-15 08:00:00,258.7500,262.8500,248.2300,257.9500,1377581
632,2024-07-15 07:30:00,257.7500,258.4400,256.7000,258.2300,267143
633,2024-07-15 07:00:00,259.1000,259.2800,256.3410,257.8000,499572
634,2024-07-15 06:30:00,259.5000,259.7200,258.6000,259.1000,126178
635,2024-07-15 06:00:00,259.4400,259.9000,259.0100,259.5000,90638
636,2024-07-15 05:30:00,259.9100,260.1100,259.2700,259.4300,86209
637,2024-07-15 05:00:00,259.2800,260.4000,259.1800,259.8500,115082
638,2024-07-15 04:30:00,259.4900,260.5000,259.1100,259.2400,173105
639,2024-07-15 04:00:00,260.5100,262.4800,254.1000,259.5000,578708
640,2024-07-12 19:30:00,248.6020,248.7600,248.5000,248.7500,101021
641,2024-07-12 19:00:00,249.0100,249.0500,248.3000,248.6000,88625
642,2024-07-12 18:30:00,248.9110,249.0500,248.8800,249.0000,54251
643,2024-07-12 18:00:00,248.9510,249.0000,248.7800,248.9110,42151
644,2024-07-12 17:30:00,248.9900,249.0400,248.6500,248.9510,71688
645,2024-07-12 17:00:00,249.0400,249.3900,248.2300,248.9710,114895
646,2024-07-12 16:30:00,248.4600,249.2500,235.4800,249.0410,213729
647,2024-07-12 16:00:00,248.3700,249.5000,242.7860,248.4800,6684309
648,2024-07-12 15:30:00,250.3300,250.8100,247.7000,248.3300,11015012
649,2024-07-12 15:00:00,250.3500,250.7900,249.0500,250.3450,5795544
650,2024-07-12 14:30:00,250.9500,251.0200,250.1000,250.3500,4306054
651,2024-07-12 14:00:00,249.8620,250.9790,249.2000,250.9500,6825241
652,2024-07-12 13:30:00,249.6700,250.9000,249.0900,249.8500,5080097
653,2024-07-12 13:00:00,250.4500,250.8600,248.9500,249.6680,5488572
654,2024-07-12 12:30:00,249.5690,251.3000,248.8000,250.4850,6900082
655,2024-07-12 12:00:00,249.1400,250.7200,248.6000,249.5190,8580202
656,2024-07-12 11:30:00,249.1300,251.8400,248.7200,249.1500,10788170
657,2024-07-12 11:00:00,249.1550,249.4000,247.0000,249.1800,11636191
658,2024-07-12 10:30:00,246.4600,251.1900,242.0000,249.0400,17566892
659,2024-07-12 10:00:00,246.1160,248.0000,235.5100,246.4650,17383095
660,2024-07-12 09:30:00,235.8000,247.1600,233.0910,246.1500,34121194
661,2024-07-12 09:00:00,236.3500,236.7600,235.0000,235.7500,959277
662,2024-07-12 08:30:00,236.8100,269.1750,235.5000,236.3750,724124
663,2024-07-12 08:00:00,236.3400,241.0300,231.3300,236.8600,1734179
664,2024-07-12 07:30:00,237.2800,238.8300,237.2000,238.2500,305583
665,2024-07-12 07:00:00,236.5500,237.6000,235.6900,237.2700,372224
666,2024-07-12 06:30:00,236.0600,236.9000,235.3000,236.5500,148993
667,2024-07-12 06:00:00,237.2900,237.6900,235.6600,236.0600,159336
668,2024-07-12 05:30:00,237.8300,237.8300,236.3000,237.2500,144943
669,2024-07-12 05:00:00,237.1800,239.0900,236.6600,237.7500,278735
670,2024-07-12 04:30:00,236.9100,238.6700,236.2300,237.2400,419526
671,2024-07-12 04:00:00,231.7500,237.1100,231.5200,236.9200,708415
672,2024-07-11 19:30:00,236.2020,236.9400,236.0730,236.7500,328708
673,2024-07-11 19:00:00,236.3100,236.8400,236.0230,236.2400,323353
674,2024-07-11 18:30:00,236.0110,236.3500,235.6800,236.2600,362204
675,2024-07-11 18:00:00,236.3990,236.9000,235.7500,236.0600,498995
676,2024-07-11 17:30:00,235.9500,236.5000,235.3500,236.3500,928790
677,2024-07-11 17:00:00,238.8800,252.9570,224.1110,235.9100,1176422
678,2024-07-11 16:30:00,239.3300,246.1700,238.7500,238.8800,693350
679,2024-07-11 16:00:00,240.8700,242.0000,238.7000,239.3400,13251831
680,2024-07-11 15:30:00,240.4600,243.6580,239.6500,240.8700,15527464
681,2024-07-11 15:00:00,244.9100,245.0000,240.2700,240.4650,10147110
682,2024-07-11 14:30:00,243.7300,245.6900,242.8300,244.8810,8953037
683,2024-07-11 14:00:00,242.7300,259.8800,241.5100,243.7700,10894527
684,2024-07-11 13:30:00,248.0700,248.0900,242.6700,242.7450,9662617
685,2024-07-11 13:00:00,246.1500,248.2700,244.3200,248.0700,9108762
686,2024-07-11 12:30:00,247.3100,260.8800,245.2500,246.0900,14993930
687,2024-07-11 12:00:00,246.7100,247.8400,241.3200,247.3100,19495324
688,2024-07-11 11:30:00,261.8150,262.6600,242.5300,246.6200,35828424
689,2024-07-11 11:00:00,263.4300,264.0500,260.5100,261.8200,14104702
690,2024-07-11 10:30:00,266.2600,268.1500,263.4100,263.4750,12825885
691,2024-07-11 10:00:00,269.7800,271.0000,264.0300,266.2270,20007840
692,2024-07-11 09:30:00,263.3000,270.1800,262.6300,269.7600,24001152
693,2024-07-11 09:00:00,265.1400,265.9500,263.2000,263.2500,823214
694,2024-07-11 08:30:00,264.2300,267.3000,258.8350,265.0800,1969581
695,2024-07-11 08:00:00,261.8000,264.6300,261.0050,264.3100,811970
696,2024-07-11 07:30:00,263.1000,263.2500,262.7100,262.8900,93900
697,2024-07-11 07:00:00,261.6900,263.2200,261.2400,263.0900,210040
698,2024-07-11 06:30:00,261.8600,261.9000,261.5000,261.7100,25622
699,2024-07-11 06:00:00,261.6400,261.9700,261.6000,261.9000,30391
700,2024-07-11 05:30:00,261.3400,261.7400,261.3400,261.6900,28340
701,2024-07-11 05:00:00,261.9000,261.9000,261.3300,261.3500,42606
702,2024-07-11 04:30:00,262.0500,262.1000,261.6800,261.8900,27573
703,2024-07-11 04:00:00,261.5000,262.5000,261.0300,262.0500,126270
